Year,GDP
2000,3.72005
2001,1.62339
2002,-0.28495
2003,-0.52602
2004,0.75179
2005,0.24218
2006,1.33612
2007,1.13252
2008,-1.25489
2009,-5.57503
2010,1.33678
2011,0.26142
2012,-3.45142
2013,-2.30988
2014,-0.40644
2015,0.49737
2016,1.15226
2017,1.65003
2018,1.00307
2019,0.53833
2020,-8.80568
